Model,R² Score,MAE,RMSE,MAPE (%)
Linear Regression,-0.03212273142333477,72.00577621009408,84.77699888478807,279.69690243510394
Random Forest,-0.01043420081136781,66.56869565217391,83.88153817580559,181.48973199580723
Gradient Boosting,0.10325042204082491,63.34116547636556,79.02198911343176,133.21824461860373
